<?xml version="1.0" encoding="UTF-8" standalone="yes"?>
<addon id="repository.mrknow.pl"
		name="mrknow.pl XBMC Add-ons"
		version="1.0.0"
		provider-name="Mrknow">
	<extension point="xbmc.addon.repository"
		name="Mrknow.pl XBMC Add-on Repository">
		<info compressed="false">http://xbmc-films-pl.googlecode.com/svn/trunk/src/addons.xml</info>
		<checksum>http://xbmc-films-pl.googlecode.com/svn/trunk/src/addons.xml.md5</checksum>
		<datadir zip="false">http://xbmc-films-pl.googlecode.com/svn/trunk/src/</datadir>
		<!--<hashes>true</hashes>-->
	</extension>
	<extension point="xbmc.addon.metadata">
		<summary lang="en">Install Add-ons from mrknow.pl XBMC</summary>
		<summary lang="de">Installiere Add-ons von mrknow.pl XBMC</summary>
		<summary lang="es">Instalar Addons desde mrknow.pl XBMC</summary>
		<summary lang="fr">Installe les Add-ons depuis mrknow.pl XBMC</summary>
		<summary lang="nl">Add-ons van systems-design.eu mrknow.pl XBMC</summary>
		<summary lang="pl">Instaluj wtyczki z mrknow.pl XBMC</summary>
	</extension>
</addon>